Category,Exercise,Difficulty,Duration Type,Description
Full Body,Jumping jacks,All Levels,minutes,"Bend your knees slightly, jump or hop lightly off the ground, landing softly with knees slightly bent."
Full Body,Jumping jacks — low impact,All Levels,minutes,"Bend your knees slightly, jump or hop lightly off the ground, landing softly with knees slightly bent."
Full Body,Jumping jacks — arm reach,All Levels,minutes,"Bend your knees slightly, jump or hop lightly off the ground, landing softly with knees slightly bent."
Full Body,Jumping jacks — knee drive focus,All Levels,minutes,"Bend your knees slightly, jump or hop lightly off the ground, landing softly with knees slightly bent."
Full Body,Power jacks,All Levels,minutes,"Bend your knees slightly, jump or hop lightly off the ground, landing softly with knees slightly bent."
Full Body,Power jacks — low impact,All Levels,minutes,"Bend your knees slightly, jump or hop lightly off the ground, landing softly with knees slightly bent."
Full Body,Power jacks — arm reach,All Levels,minutes,"Bend your knees slightly, jump or hop lightly off the ground, landing softly with knees slightly bent."
Full Body,Power jacks — knee drive focus,All Levels,minutes,"Bend your knees slightly, jump or hop lightly off the ground, landing softly with knees slightly bent."
Full Body,Step jacks,All Levels,minutes,"Step onto a stable surface with one foot, push through your heel to lift your body, and step down with control."
Full Body,Step jacks — low impact,All Levels,minutes,"Step onto a stable surface with one foot, push through your heel to lift your body, and step down with control."
Full Body,Step jacks — arm reach,All Levels,minutes,"Step onto a stable surface with one foot, push through your heel to lift your body, and step down with control."
Full Body,Step jacks — knee drive focus,All Levels,minutes,"Step onto a stable surface with one foot, push through your heel to lift your body, and step down with control."
Full Body,Star jumps (low-impact option),All Levels,Reps,"Bend your knees slightly, jump or hop lightly off the ground, landing softly with knees slightly bent."
Full Body,Star jumps (low-impact option) — low impact,All Levels,Reps,"Bend your knees slightly, jump or hop lightly off the ground, landing softly with knees slightly bent."
Full Body,Star jumps (low-impact option) — arm reach,All Levels,Reps,"Bend your knees slightly, jump or hop lightly off the ground, landing softly with knees slightly bent."
Full Body,Star jumps (low-impact option) — knee drive focus,All Levels,Reps,"Bend your knees slightly, jump or hop lightly off the ground, landing softly with knees slightly bent."
Full Body,Half burpees,All Levels,Reps,"From standing, squat down, place your hands on the floor, step or jump back to plank, then return to stand."
Full Body,Half burpees — low impact,All Levels,Reps,"From standing, squat down, place your hands on the floor, step or jump back to plank, then return to stand."
Full Body,Half burpees — arm reach,All Levels,Reps,"From standing, squat down, place your hands on the floor, step or jump back to plank, then return to stand."
Full Body,Half burpees — knee drive focus,All Levels,Reps,"From standing, squat down, place your hands on the floor, step or jump back to plank, then return to stand."
Full Body,Burpees (no push-up),All Levels,Reps,"Place your hands under your shoulders, lower your chest toward the floor while keeping your body straight, then push back up."
Full Body,Burpees (no push-up) — low impact,All Levels,Reps,"Place your hands under your shoulders, lower your chest toward the floor while keeping your body straight, then push back up."
Full Body,Burpees (no push-up) — arm reach,All Levels,Reps,"Place your hands under your shoulders, lower your chest toward the floor while keeping your body straight, then push back up."
Full Body,Burpees (no push-up) — knee drive focus,All Levels,Reps,"Place your hands under your shoulders, lower your chest toward the floor while keeping your body straight, then push back up."
Full Body,Burpees (with push-up),All Levels,Reps,"Place your hands under your shoulders, lower your chest toward the floor while keeping your body straight, then push back up."
Full Body,Burpees (with push-up) — low impact,All Levels,Reps,"Place your hands under your shoulders, lower your chest toward the floor while keeping your body straight, then push back up."
Full Body,Burpees (with push-up) — arm reach,All Levels,Reps,"Place your hands under your shoulders, lower your chest toward the floor while keeping your body straight, then push back up."
Full Body,Burpees (with push-up) — knee drive focus,All Levels,Reps,"Place your hands under your shoulders, lower your chest toward the floor while keeping your body straight, then push back up."
Full Body,Mountain climbers,All Levels,Reps,"Coordinate your upper and lower body, keeping your movements smooth and posture upright."
Full Body,Mountain climbers — low impact,All Levels,Reps,"Coordinate your upper and lower body, keeping your movements smooth and posture upright."
Full Body,Mountain climbers — arm reach,All Levels,Reps,"Extend your limbs fully, keeping your posture tall and your movements smooth."
Full Body,Mountain climbers — knee drive focus,All Levels,Reps,"Lift your knees high with rhythm, keeping your chest tall and engaging your core."
Full Body,Cross-body mountain climbers,All Levels,Reps,"Coordinate your upper and lower body, keeping your movements smooth and posture upright."
Full Body,Cross-body mountain climbers — low impact,All Levels,Reps,"Coordinate your upper and lower body, keeping your movements smooth and posture upright."
Full Body,Cross-body mountain climbers — arm reach,All Levels,Reps,"Extend your limbs fully, keeping your posture tall and your movements smooth."
Full Body,Cross-body mountain climbers — knee drive focus,All Levels,Reps,"Lift your knees high with rhythm, keeping your chest tall and engaging your core."
Full Body,Slow mountain climbers,All Levels,Reps,"Coordinate your upper and lower body, keeping your movements smooth and posture upright."
Full Body,Slow mountain climbers — low impact,All Levels,Reps,"Coordinate your upper and lower body, keeping your movements smooth and posture upright."
Full Body,Slow mountain climbers — arm reach,All Levels,Reps,"Extend your limbs fully, keeping your posture tall and your movements smooth."
Full Body,Slow mountain climbers — knee drive focus,All Levels,Reps,"Lift your knees high with rhythm, keeping your chest tall and engaging your core."
Full Body,Inchworms,All Levels,Reps,"Coordinate your upper and lower body, keeping your movements smooth and posture upright."
Full Body,Inchworms — low impact,All Levels,Reps,"Coordinate your upper and lower body, keeping your movements smooth and posture upright."
Full Body,Inchworms — arm reach,All Levels,Reps,"Extend your limbs fully, keeping your posture tall and your movements smooth."
Full Body,Inchworms — knee drive focus,All Levels,Reps,"Lift your knees high with rhythm, keeping your chest tall and engaging your core."
Full Body,Plank walkouts,All Levels,minutes,"Keep your elbows under shoulders and body in a straight line, squeezing your glutes and bracing your core."
Full Body,Plank walkouts — low impact,All Levels,minutes,"Keep your elbows under shoulders and body in a straight line, squeezing your glutes and bracing your core."
Full Body,Plank walkouts — arm reach,All Levels,minutes,"Keep your elbows under shoulders and body in a straight line, squeezing your glutes and bracing your core."
Full Body,Plank walkouts — knee drive focus,All Levels,minutes,"Keep your elbows under shoulders and body in a straight line, squeezing your glutes and bracing your core."
Full Body,Bear crawls,All Levels,minutes,"Keep your core tight and move opposite hand and foot together, maintaining smooth, controlled motion."
Full Body,Bear crawls — low impact,All Levels,minutes,"Keep your core tight and move opposite hand and foot together, maintaining smooth, controlled motion."
Full Body,Bear crawls — arm reach,All Levels,minutes,"Keep your core tight and move opposite hand and foot together, maintaining smooth, controlled motion."
Full Body,Bear crawls — knee drive focus,All Levels,minutes,"Keep your core tight and move opposite hand and foot together, maintaining smooth, controlled motion."
Full Body,Crab walks,All Levels,minutes,"Keep your core tight and move opposite hand and foot together, maintaining smooth, controlled motion."
Full Body,Crab walks — low impact,All Levels,minutes,"Keep your core tight and move opposite hand and foot together, maintaining smooth, controlled motion."
Full Body,Crab walks — arm reach,All Levels,minutes,"Keep your core tight and move opposite hand and foot together, maintaining smooth, controlled motion."
Full Body,Crab walks — knee drive focus,All Levels,minutes,"Keep your core tight and move opposite hand and foot together, maintaining smooth, controlled motion."
Full Body,Skater hops,All Levels,Reps,"Bend your knees slightly, jump or hop lightly off the ground, landing softly with knees slightly bent."
Full Body,Skater hops — low impact,All Levels,Reps,"Bend your knees slightly, jump or hop lightly off the ground, landing softly with knees slightly bent."
Full Body,Skater hops — arm reach,All Levels,Reps,"Bend your knees slightly, jump or hop lightly off the ground, landing softly with knees slightly bent."
Full Body,Skater hops — knee drive focus,All Levels,Reps,"Bend your knees slightly, jump or hop lightly off the ground, landing softly with knees slightly bent."
Full Body,Lateral shuffles,All Levels,minutes,"Coordinate your upper and lower body, keeping your movements smooth and posture upright."
Full Body,Lateral shuffles — low impact,All Levels,minutes,"Coordinate your upper and lower body, keeping your movements smooth and posture upright."
Full Body,Lateral shuffles — arm reach,All Levels,minutes,"Extend your limbs fully, keeping your posture tall and your movements smooth."
Full Body,Lateral shuffles — knee drive focus,All Levels,minutes,"Lift your knees high with rhythm, keeping your chest tall and engaging your core."
Full Body,High knees,All Levels,minutes,"Coordinate your upper and lower body, keeping your movements smooth and posture upright."
Full Body,High knees — low impact,All Levels,minutes,"Coordinate your upper and lower body, keeping your movements smooth and posture upright."
Full Body,High knees — arm reach,All Levels,minutes,"Extend your limbs fully, keeping your posture tall and your movements smooth."
Full Body,High knees — knee drive focus,All Levels,minutes,"Lift your knees high with rhythm, keeping your chest tall and engaging your core."
Full Body,Marching in place,All Levels,minutes,"Lift your knees high with rhythm, keeping your chest tall and engaging your core."
Full Body,Marching in place — low impact,All Levels,minutes,"Lift your knees high with rhythm, keeping your chest tall and engaging your core."
Full Body,Marching in place — arm reach,All Levels,minutes,"Lift your knees high with rhythm, keeping your chest tall and engaging your core."
Full Body,Marching in place — knee drive focus,All Levels,minutes,"Lift your knees high with rhythm, keeping your chest tall and engaging your core."
Full Body,Running in place,All Levels,minutes,"Coordinate your upper and lower body, keeping your movements smooth and posture upright."
Full Body,Running in place — low impact,All Levels,minutes,"Coordinate your upper and lower body, keeping your movements smooth and posture upright."
Full Body,Running in place — arm reach,All Levels,minutes,"Extend your limbs fully, keeping your posture tall and your movements smooth."
Full Body,Running in place — knee drive focus,All Levels,minutes,"Lift your knees high with rhythm, keeping your chest tall and engaging your core."
Full Body,Broad jumps,All Levels,Reps,"Bend your knees slightly, jump or hop lightly off the ground, landing softly with knees slightly bent."
Full Body,Broad jumps — low impact,All Levels,Reps,"Bend your knees slightly, jump or hop lightly off the ground, landing softly with knees slightly bent."
Full Body,Broad jumps — arm reach,All Levels,Reps,"Bend your knees slightly, jump or hop lightly off the ground, landing softly with knees slightly bent."
Full Body,Broad jumps — knee drive focus,All Levels,Reps,"Bend your knees slightly, jump or hop lightly off the ground, landing softly with knees slightly bent."
Full Body,Hop side-to-side,All Levels,Reps,"Bend your knees slightly, jump or hop lightly off the ground, landing softly with knees slightly bent."
Full Body,Hop side-to-side — low impact,All Levels,Reps,"Bend your knees slightly, jump or hop lightly off the ground, landing softly with knees slightly bent."
Full Body,Hop side-to-side — arm reach,All Levels,Reps,"Bend your knees slightly, jump or hop lightly off the ground, landing softly with knees slightly bent."
Full Body,Hop side-to-side — knee drive focus,All Levels,Reps,"Bend your knees slightly, jump or hop lightly off the ground, landing softly with knees slightly bent."
Full Body,Frog jumps,All Levels,Reps,"Bend your knees slightly, jump or hop lightly off the ground, landing softly with knees slightly bent."
Full Body,Frog jumps — low impact,All Levels,Reps,"Bend your knees slightly, jump or hop lightly off the ground, landing softly with knees slightly bent."
Full Body,Frog jumps — arm reach,All Levels,Reps,"Bend your knees slightly, jump or hop lightly off the ground, landing softly with knees slightly bent."
Full Body,Frog jumps — knee drive focus,All Levels,Reps,"Bend your knees slightly, jump or hop lightly off the ground, landing softly with knees slightly bent."
Full Body,Squat to reach overhead,All Levels,Reps,"Stand with feet shoulder-width apart, lower your hips back and down, keeping your chest up and knees in line with your toes."
Full Body,Squat to reach overhead — low impact,All Levels,Reps,"Stand with feet shoulder-width apart, lower your hips back and down, keeping your chest up and knees in line with your toes."
Full Body,Squat to reach overhead — arm reach,All Levels,Reps,"Stand with feet shoulder-width apart, lower your hips back and down, keeping your chest up and knees in line with your toes."
Full Body,Squat to reach overhead — knee drive focus,All Levels,Reps,"Stand with feet shoulder-width apart, lower your hips back and down, keeping your chest up and knees in line with your toes."
Full Body,Squat to tiptoe reach,All Levels,Reps,"Stand with feet shoulder-width apart, lower your hips back and down, keeping your chest up and knees in line with your toes."
Full Body,Squat to tiptoe reach — low impact,All Levels,Reps,"Stand with feet shoulder-width apart, lower your hips back and down, keeping your chest up and knees in line with your toes."
Full Body,Squat to tiptoe reach — arm reach,All Levels,Reps,"Stand with feet shoulder-width apart, lower your hips back and down, keeping your chest up and knees in line with your toes."
Full Body,Squat to tiptoe reach — knee drive focus,All Levels,Reps,"Stand with feet shoulder-width apart, lower your hips back and down, keeping your chest up and knees in line with your toes."
Full Body,Alternating step-back lunges,All Levels,Reps,"Step forward and bend both knees to about 90 degrees, keeping your torso upright and front knee over your ankle."
Full Body,Alternating step-back lunges — low impact,All Levels,Reps,"Step forward and bend both knees to about 90 degrees, keeping your torso upright and front knee over your ankle."
Full Body,Alternating step-back lunges — arm reach,All Levels,Reps,"Step forward and bend both knees to about 90 degrees, keeping your torso upright and front knee over your ankle."
Full Body,Alternating step-back lunges — knee drive focus,All Levels,Reps,"Step forward and bend both knees to about 90 degrees, keeping your torso upright and front knee over your ankle."
Full Body,Jumping lunges (low-impact alt: step-back lunge),All Levels,Reps,"Step forward and bend both knees to about 90 degrees, keeping your torso upright and front knee over your ankle."
Full Body,Jumping lunges (low-impact alt: step-back lunge) — low impact,All Levels,Reps,"Step forward and bend both knees to about 90 degrees, keeping your torso upright and front knee over your ankle."
Full Body,Jumping lunges (low-impact alt: step-back lunge) — arm reach,All Levels,Reps,"Step forward and bend both knees to about 90 degrees, keeping your torso upright and front knee over your ankle."
Full Body,Jumping lunges (low-impact alt: step-back lunge) — knee drive focus,All Levels,Reps,"Step forward and bend both knees to about 90 degrees, keeping your torso upright and front knee over your ankle."
Full Body,Fast feet shuffle,All Levels,minutes,"Coordinate your upper and lower body, keeping your movements smooth and posture upright."
Full Body,Fast feet shuffle — low impact,All Levels,minutes,"Coordinate your upper and lower body, keeping your movements smooth and posture upright."
Full Body,Fast feet shuffle — arm reach,All Levels,minutes,"Extend your limbs fully, keeping your posture tall and your movements smooth."
Full Body,Fast feet shuffle — knee drive focus,All Levels,minutes,"Lift your knees high with rhythm, keeping your chest tall and engaging your core."
Full Body,Toe taps to floor,All Levels,Reps,"Coordinate your upper and lower body, keeping your movements smooth and posture upright."
Full Body,Toe taps to floor — low impact,All Levels,Reps,"Coordinate your upper and lower body, keeping your movements smooth and posture upright."
Full Body,Toe taps to floor — arm reach,All Levels,Reps,"Extend your limbs fully, keeping your posture tall and your movements smooth."
Full Body,Toe taps to floor — knee drive focus,All Levels,Reps,"Lift your knees high with rhythm, keeping your chest tall and engaging your core."
Full Body,Knee drives from standing,All Levels,Reps,"Lift your knees high with rhythm, keeping your chest tall and engaging your core."
Full Body,Knee drives from standing — low impact,All Levels,Reps,"Lift your knees high with rhythm, keeping your chest tall and engaging your core."
Full Body,Knee drives from standing — arm reach,All Levels,Reps,"Lift your knees high with rhythm, keeping your chest tall and engaging your core."
Full Body,Knee drives from standing — knee drive focus,All Levels,Reps,"Lift your knees high with rhythm, keeping your chest tall and engaging your core."
Full Body,Step and reach (opposite hand to toe),All Levels,Reps,"Step onto a stable surface with one foot, push through your heel to lift your body, and step down with control."
Full Body,Step and reach (opposite hand to toe) — low impact,All Levels,Reps,"Step onto a stable surface with one foot, push through your heel to lift your body, and step down with control."
Full Body,Step and reach (opposite hand to toe) — arm reach,All Levels,Reps,"Step onto a stable surface with one foot, push through your heel to lift your body, and step down with control."
Full Body,Step and reach (opposite hand to toe) — knee drive focus,All Levels,Reps,"Step onto a stable surface with one foot, push through your heel to lift your body, and step down with control."
Full Body,Standing knee-to-elbow cross crunches,All Levels,Reps,"Lie on your back with knees bent, curl your shoulders off the floor by tightening your abs, then lower slowly."
Full Body,Standing knee-to-elbow cross crunches — low impact,All Levels,Reps,"Lie on your back with knees bent, curl your shoulders off the floor by tightening your abs, then lower slowly."
Full Body,Standing knee-to-elbow cross crunches — arm reach,All Levels,Reps,"Lie on your back with knees bent, curl your shoulders off the floor by tightening your abs, then lower slowly."
Full Body,Standing knee-to-elbow cross crunches — knee drive focus,All Levels,Reps,"Lie on your back with knees bent, curl your shoulders off the floor by tightening your abs, then lower slowly."
Full Body,Total-body extensions,All Levels,Reps,"Extend your limbs fully, keeping your posture tall and your movements smooth."
Full Body,Total-body extensions — low impact,All Levels,Reps,"Extend your limbs fully, keeping your posture tall and your movements smooth."
Full Body,Total-body extensions — arm reach,All Levels,Reps,"Extend your limbs fully, keeping your posture tall and your movements smooth."
Full Body,Total-body extensions — knee drive focus,All Levels,Reps,"Lift your knees high with rhythm, keeping your chest tall and engaging your core."
Full Body,Walkout to knee push-up,All Levels,minutes,"Place your hands under your shoulders, lower your chest toward the floor while keeping your body straight, then push back up."
Full Body,Walkout to knee push-up — low impact,All Levels,minutes,"Place your hands under your shoulders, lower your chest toward the floor while keeping your body straight, then push back up."
Full Body,Walkout to knee push-up — arm reach,All Levels,minutes,"Place your hands under your shoulders, lower your chest toward the floor while keeping your body straight, then push back up."
Full Body,Walkout to knee push-up — knee drive focus,All Levels,minutes,"Place your hands under your shoulders, lower your chest toward the floor while keeping your body straight, then push back up."
Full Body,Walkout to plank hold,All Levels,minutes,"Keep your elbows under shoulders and body in a straight line, squeezing your glutes and bracing your core."
Full Body,Walkout to plank hold — low impact,All Levels,minutes,"Keep your elbows under shoulders and body in a straight line, squeezing your glutes and bracing your core."
Full Body,Walkout to plank hold — arm reach,All Levels,minutes,"Keep your elbows under shoulders and body in a straight line, squeezing your glutes and bracing your core."
Full Body,Walkout to plank hold — knee drive focus,All Levels,minutes,"Keep your elbows under shoulders and body in a straight line, squeezing your glutes and bracing your core."
Full Body,Burpee to step-in (beginner),All Levels,Reps,"Step onto a stable surface with one foot, push through your heel to lift your body, and step down with control."
Full Body,Burpee to step-in (beginner) — low impact,All Levels,Reps,"Step onto a stable surface with one foot, push through your heel to lift your body, and step down with control."
Full Body,Burpee to step-in (beginner) — arm reach,All Levels,Reps,"Step onto a stable surface with one foot, push through your heel to lift your body, and step down with control."
Full Body,Burpee to step-in (beginner) — knee drive focus,All Levels,Reps,"Step onto a stable surface with one foot, push through your heel to lift your body, and step down with control."
Full Body,Shadow boxing,All Levels,minutes,"Coordinate your upper and lower body, keeping your movements smooth and posture upright."
Full Body,Shadow boxing — low impact,All Levels,minutes,"Coordinate your upper and lower body, keeping your movements smooth and posture upright."
Full Body,Shadow boxing — arm reach,All Levels,minutes,"Extend your limbs fully, keeping your posture tall and your movements smooth."
Full Body,Shadow boxing — knee drive focus,All Levels,minutes,"Lift your knees high with rhythm, keeping your chest tall and engaging your core."
Full Body,Invisible jump rope,All Levels,minutes,"Bend your knees slightly, jump or hop lightly off the ground, landing softly with knees slightly bent."
Full Body,Invisible jump rope — low impact,All Levels,minutes,"Bend your knees slightly, jump or hop lightly off the ground, landing softly with knees slightly bent."
Full Body,Invisible jump rope — arm reach,All Levels,minutes,"Bend your knees slightly, jump or hop lightly off the ground, landing softly with knees slightly bent."
Full Body,Invisible jump rope — knee drive focus,All Levels,minutes,"Bend your knees slightly, jump or hop lightly off the ground, landing softly with knees slightly bent."
Full Body,Boxer bounce,All Levels,Reps,"Coordinate your upper and lower body, keeping your movements smooth and posture upright."
Full Body,Boxer bounce — low impact,All Levels,Reps,"Coordinate your upper and lower body, keeping your movements smooth and posture upright."
Full Body,Boxer bounce — arm reach,All Levels,Reps,"Extend your limbs fully, keeping your posture tall and your movements smooth."
Full Body,Boxer bounce — knee drive focus,All Levels,Reps,"Lift your knees high with rhythm, keeping your chest tall and engaging your core."
Full Body,Grapevine step,All Levels,Reps,"Step onto a stable surface with one foot, push through your heel to lift your body, and step down with control."
Full Body,Grapevine step — low impact,All Levels,Reps,"Step onto a stable surface with one foot, push through your heel to lift your body, and step down with control."
Full Body,Grapevine step — arm reach,All Levels,Reps,"Step onto a stable surface with one foot, push through your heel to lift your body, and step down with control."
Full Body,Grapevine step — knee drive focus,All Levels,Reps,"Step onto a stable surface with one foot, push through your heel to lift your body, and step down with control."
Full Body,Carioca step,All Levels,Reps,"Step onto a stable surface with one foot, push through your heel to lift your body, and step down with control."
Full Body,Carioca step — low impact,All Levels,Reps,"Step onto a stable surface with one foot, push through your heel to lift your body, and step down with control."
Full Body,Carioca step — arm reach,All Levels,Reps,"Step onto a stable surface with one foot, push through your heel to lift your body, and step down with control."
Full Body,Carioca step — knee drive focus,All Levels,Reps,"Step onto a stable surface with one foot, push through your heel to lift your body, and step down with control."
Lower Body,Bodyweight squats,All Levels,Reps,"Stand with feet shoulder-width apart, lower your hips back and down, keeping your chest up and knees in line with your toes."
Lower Body,Bodyweight squats — slow tempo,All Levels,Reps,"Stand with feet shoulder-width apart, lower your hips back and down, keeping your chest up and knees in line with your toes."
Lower Body,Bodyweight squats — 3-1-3 tempo,All Levels,Reps,"Stand with feet shoulder-width apart, lower your hips back and down, keeping your chest up and knees in line with your toes."
Lower Body,Bodyweight squats — pulse reps,All Levels,Reps,"Stand with feet shoulder-width apart, lower your hips back and down, keeping your chest up and knees in line with your toes."
Lower Body,Bodyweight squats — with 2s pause,All Levels,Reps,"Stand with feet shoulder-width apart, lower your hips back and down, keeping your chest up and knees in line with your toes."
Lower Body,Bodyweight squats — partial range,All Levels,Reps,"Stand with feet shoulder-width apart, lower your hips back and down, keeping your chest up and knees in line with your toes."
Lower Body,Bodyweight squats — bottom-half range,All Levels,Reps,"Stand with feet shoulder-width apart, lower your hips back and down, keeping your chest up and knees in line with your toes."
Lower Body,Bodyweight squats — top-half range,All Levels,Reps,"Stand with feet shoulder-width apart, lower your hips back and down, keeping your chest up and knees in line with your toes."
Lower Body,Bodyweight squats — chair-assisted,All Levels,Reps,"Stand with feet shoulder-width apart, lower your hips back and down, keeping your chest up and knees in line with your toes."
Lower Body,Bodyweight squats — wall-supported,All Levels,Reps,"Stand with feet shoulder-width apart, lower your hips back and down, keeping your chest up and knees in line with your toes."
Lower Body,Narrow-stance squats,All Levels,Reps,"Stand with feet shoulder-width apart, lower your hips back and down, keeping your chest up and knees in line with your toes."
Lower Body,Narrow-stance squats — slow tempo,All Levels,Reps,"Stand with feet shoulder-width apart, lower your hips back and down, keeping your chest up and knees in line with your toes."
Lower Body,Narrow-stance squats — 3-1-3 tempo,All Levels,Reps,"Stand with feet shoulder-width apart, lower your hips back and down, keeping your chest up and knees in line with your toes."
Lower Body,Narrow-stance squats — pulse reps,All Levels,Reps,"Stand with feet shoulder-width apart, lower your hips back and down, keeping your chest up and knees in line with your toes."
Lower Body,Narrow-stance squats — with 2s pause,All Levels,Reps,"Stand with feet shoulder-width apart, lower your hips back and down, keeping your chest up and knees in line with your toes."
Lower Body,Narrow-stance squats — partial range,All Levels,Reps,"Stand with feet shoulder-width apart, lower your hips back and down, keeping your chest up and knees in line with your toes."
Lower Body,Narrow-stance squats — bottom-half range,All Levels,Reps,"Stand with feet shoulder-width apart, lower your hips back and down, keeping your chest up and knees in line with your toes."
Lower Body,Narrow-stance squats — top-half range,All Levels,Reps,"Stand with feet shoulder-width apart, lower your hips back and down, keeping your chest up and knees in line with your toes."
Lower Body,Narrow-stance squats — chair-assisted,All Levels,Reps,"Stand with feet shoulder-width apart, lower your hips back and down, keeping your chest up and knees in line with your toes."
Lower Body,Narrow-stance squats — wall-supported,All Levels,Reps,"Stand with feet shoulder-width apart, lower your hips back and down, keeping your chest up and knees in line with your toes."
Lower Body,Sumo squats,All Levels,Reps,"Stand with feet shoulder-width apart, lower your hips back and down, keeping your chest up and knees in line with your toes."
Lower Body,Sumo squats — slow tempo,All Levels,Reps,"Stand with feet shoulder-width apart, lower your hips back and down, keeping your chest up and knees in line with your toes."
Lower Body,Sumo squats — 3-1-3 tempo,All Levels,Reps,"Stand with feet shoulder-width apart, lower your hips back and down, keeping your chest up and knees in line with your toes."
Lower Body,Sumo squats — pulse reps,All Levels,Reps,"Stand with feet shoulder-width apart, lower your hips back and down, keeping your chest up and knees in line with your toes."
Lower Body,Sumo squats — with 2s pause,All Levels,Reps,"Stand with feet shoulder-width apart, lower your hips back and down, keeping your chest up and knees in line with your toes."
Lower Body,Sumo squats — partial range,All Levels,Reps,"Stand with feet shoulder-width apart, lower your hips back and down, keeping your chest up and knees in line with your toes."
Lower Body,Sumo squats — bottom-half range,All Levels,Reps,"Stand with feet shoulder-width apart, lower your hips back and down, keeping your chest up and knees in line with your toes."
Lower Body,Sumo squats — top-half range,All Levels,Reps,"Stand with feet shoulder-width apart, lower your hips back and down, keeping your chest up and knees in line with your toes."
Lower Body,Sumo squats — chair-assisted,All Levels,Reps,"Stand with feet shoulder-width apart, lower your hips back and down, keeping your chest up and knees in line with your toes."
Lower Body,Sumo squats — wall-supported,All Levels,Reps,"Stand with feet shoulder-width apart, lower your hips back and down, keeping your chest up and knees in line with your toes."
Lower Body,Quarter squats,All Levels,Reps,"Stand with feet shoulder-width apart, lower your hips back and down, keeping your chest up and knees in line with your toes."
Lower Body,Quarter squats — slow tempo,All Levels,Reps,"Stand with feet shoulder-width apart, lower your hips back and down, keeping your chest up and knees in line with your toes."
Lower Body,Quarter squats — 3-1-3 tempo,All Levels,Reps,"Stand with feet shoulder-width apart, lower your hips back and down, keeping your chest up and knees in line with your toes."
Lower Body,Quarter squats — pulse reps,All Levels,Reps,"Stand with feet shoulder-width apart, lower your hips back and down, keeping your chest up and knees in line with your toes."
Lower Body,Quarter squats — with 2s pause,All Levels,Reps,"Stand with feet shoulder-width apart, lower your hips back and down, keeping your chest up and knees in line with your toes."
Lower Body,Quarter squats — partial range,All Levels,Reps,"Stand with feet shoulder-width apart, lower your hips back and down, keeping your chest up and knees in line with your toes."
Lower Body,Quarter squats — bottom-half range,All Levels,Reps,"Stand with feet shoulder-width apart, lower your hips back and down, keeping your chest up and knees in line with your toes."
Lower Body,Quarter squats — top-half range,All Levels,Reps,"Stand with feet shoulder-width apart, lower your hips back and down, keeping your chest up and knees in line with your toes."
Lower Body,Quarter squats — chair-assisted,All Levels,Reps,"Stand with feet shoulder-width apart, lower your hips back and down, keeping your chest up and knees in line with your toes."
Lower Body,Quarter squats — wall-supported,All Levels,Reps,"Stand with feet shoulder-width apart, lower your hips back and down, keeping your chest up and knees in line with your toes."
Lower Body,Half squats,All Levels,Reps,"Stand with feet shoulder-width apart, lower your hips back and down, keeping your chest up and knees in line with your toes."
Lower Body,Half squats — slow tempo,All Levels,Reps,"Stand with feet shoulder-width apart, lower your hips back and down, keeping your chest up and knees in line with your toes."
Lower Body,Half squats — 3-1-3 tempo,All Levels,Reps,"Stand with feet shoulder-width apart, lower your hips back and down, keeping your chest up and knees in line with your toes."
Lower Body,Half squats — pulse reps,All Levels,Reps,"Stand with feet shoulder-width apart, lower your hips back and down, keeping your chest up and knees in line with your toes."
Lower Body,Half squats — with 2s pause,All Levels,Reps,"Stand with feet shoulder-width apart, lower your hips back and down, keeping your chest up and knees in line with your toes."
Lower Body,Half squats — partial range,All Levels,Reps,"Stand with feet shoulder-width apart, lower your hips back and down, keeping your chest up and knees in line with your toes."
Lower Body,Half squats — bottom-half range,All Levels,Reps,"Stand with feet shoulder-width apart, lower your hips back and down, keeping your chest up and knees in line with your toes."
Lower Body,Half squats — top-half range,All Levels,Reps,"Stand with feet shoulder-width apart, lower your hips back and down, keeping your chest up and knees in line with your toes."
Lower Body,Half squats — chair-assisted,All Levels,Reps,"Stand with feet shoulder-width apart, lower your hips back and down, keeping your chest up and knees in line with your toes."
Lower Body,Half squats — wall-supported,All Levels,Reps,"Stand with feet shoulder-width apart, lower your hips back and down, keeping your chest up and knees in line with your toes."
Lower Body,Deep squats (as mobility allows),All Levels,Reps,"Stand with feet shoulder-width apart, lower your hips back and down, keeping your chest up and knees in line with your toes."
Lower Body,Deep squats (as mobility allows) — slow tempo,All Levels,Reps,"Stand with feet shoulder-width apart, lower your hips back and down, keeping your chest up and knees in line with your toes."
Lower Body,Deep squats (as mobility allows) — 3-1-3 tempo,All Levels,Reps,"Stand with feet shoulder-width apart, lower your hips back and down, keeping your chest up and knees in line with your toes."
Lower Body,Deep squats (as mobility allows) — pulse reps,All Levels,Reps,"Stand with feet shoulder-width apart, lower your hips back and down, keeping your chest up and knees in line with your toes."
Lower Body,Deep squats (as mobility allows) — with 2s pause,All Levels,Reps,"Stand with feet shoulder-width apart, lower your hips back and down, keeping your chest up and knees in line with your toes."
Lower Body,Deep squats (as mobility allows) — partial range,All Levels,Reps,"Stand with feet shoulder-width apart, lower your hips back and down, keeping your chest up and knees in line with your toes."
Lower Body,Deep squats (as mobility allows) — bottom-half range,All Levels,Reps,"Stand with feet shoulder-width apart, lower your hips back and down, keeping your chest up and knees in line with your toes."
Lower Body,Deep squats (as mobility allows) — top-half range,All Levels,Reps,"Stand with feet shoulder-width apart, lower your hips back and down, keeping your chest up and knees in line with your toes."
Lower Body,Deep squats (as mobility allows) — chair-assisted,All Levels,Reps,"Stand with feet shoulder-width apart, lower your hips back and down, keeping your chest up and knees in line with your toes."
Lower Body,Deep squats (as mobility allows) — wall-supported,All Levels,Reps,"Stand with feet shoulder-width apart, lower your hips back and down, keeping your chest up and knees in line with your toes."
Lower Body,Chair-assisted squats,All Levels,Reps,"Stand with feet shoulder-width apart, lower your hips back and down, keeping your chest up and knees in line with your toes."
Lower Body,Chair-assisted squats — slow tempo,All Levels,Reps,"Stand with feet shoulder-width apart, lower your hips back and down, keeping your chest up and knees in line with your toes."
Lower Body,Chair-assisted squats — 3-1-3 tempo,All Levels,Reps,"Stand with feet shoulder-width apart, lower your hips back and down, keeping your chest up and knees in line with your toes."
Lower Body,Chair-assisted squats — pulse reps,All Levels,Reps,"Stand with feet shoulder-width apart, lower your hips back and down, keeping your chest up and knees in line with your toes."
Lower Body,Chair-assisted squats — with 2s pause,All Levels,Reps,"Stand with feet shoulder-width apart, lower your hips back and down, keeping your chest up and knees in line with your toes."
Lower Body,Chair-assisted squats — partial range,All Levels,Reps,"Stand with feet shoulder-width apart, lower your hips back and down, keeping your chest up and knees in line with your toes."
Lower Body,Chair-assisted squats — bottom-half range,All Levels,Reps,"Stand with feet shoulder-width apart, lower your hips back and down, keeping your chest up and knees in line with your toes."
Lower Body,Chair-assisted squats — top-half range,All Levels,Reps,"Stand with feet shoulder-width apart, lower your hips back and down, keeping your chest up and knees in line with your toes."
Lower Body,Chair-assisted squats — chair-assisted,All Levels,Reps,"Stand with feet shoulder-width apart, lower your hips back and down, keeping your chest up and knees in line with your toes."
Lower Body,Chair-assisted squats — wall-supported,All Levels,Reps,"Stand with feet shoulder-width apart, lower your hips back and down, keeping your chest up and knees in line with your toes."
Lower Body,Wall sits,All Levels,minutes,"Keep your core tight, move through your hips and knees with control, and maintain even pressure through your feet."
Lower Body,Wall sits — slow tempo,All Levels,Reps,"Keep your core tight, move through your hips and knees with control, and maintain even pressure through your feet."
Lower Body,Wall sits — 3-1-3 tempo,All Levels,Reps,"Keep your core tight, move through your hips and knees with control, and maintain even pressure through your feet."
Lower Body,Wall sits — pulse reps,All Levels,Reps,"Perform small, controlled movements in a limited range to keep constant tension on the target muscles."
Lower Body,Wall sits — with 2s pause,All Levels,Reps,"Keep your core tight, move through your hips and knees with control, and maintain even pressure through your feet."
Lower Body,Wall sits — partial range,All Levels,Reps,"Keep your core tight, move through your hips and knees with control, and maintain even pressure through your feet."
Lower Body,Wall sits — bottom-half range,All Levels,Reps,"Keep your core tight, move through your hips and knees with control, and maintain even pressure through your feet."
Lower Body,Wall sits — top-half range,All Levels,Reps,"Keep your core tight, move through your hips and knees with control, and maintain even pressure through your feet."
Lower Body,Wall sits — chair-assisted,All Levels,Reps,"Keep your core tight, move through your hips and knees with control, and maintain even pressure through your feet."
Lower Body,Wall sits — wall-supported,All Levels,Reps,"Keep your core tight, move through your hips and knees with control, and maintain even pressure through your feet."
Lower Body,Squat pulses,All Levels,Reps,"Stand with feet shoulder-width apart, lower your hips back and down, keeping your chest up and knees in line with your toes."
Lower Body,Squat pulses — slow tempo,All Levels,Reps,"Stand with feet shoulder-width apart, lower your hips back and down, keeping your chest up and knees in line with your toes."
Lower Body,Squat pulses — 3-1-3 tempo,All Levels,Reps,"Stand with feet shoulder-width apart, lower your hips back and down, keeping your chest up and knees in line with your toes."
Lower Body,Squat pulses — pulse reps,All Levels,Reps,"Stand with feet shoulder-width apart, lower your hips back and down, keeping your chest up and knees in line with your toes."
Lower Body,Squat pulses — with 2s pause,All Levels,Reps,"Stand with feet shoulder-width apart, lower your hips back and down, keeping your chest up and knees in line with your toes."
Lower Body,Squat pulses — partial range,All Levels,Reps,"Stand with feet shoulder-width apart, lower your hips back and down, keeping your chest up and knees in line with your toes."
Lower Body,Squat pulses — bottom-half range,All Levels,Reps,"Stand with feet shoulder-width apart, lower your hips back and down, keeping your chest up and knees in line with your toes."
Lower Body,Squat pulses — top-half range,All Levels,Reps,"Stand with feet shoulder-width apart, lower your hips back and down, keeping your chest up and knees in line with your toes."
Lower Body,Squat pulses — chair-assisted,All Levels,Reps,"Stand with feet shoulder-width apart, lower your hips back and down, keeping your chest up and knees in line with your toes."
Lower Body,Squat pulses — wall-supported,All Levels,Reps,"Stand with feet shoulder-width apart, lower your hips back and down, keeping your chest up and knees in line with your toes."
Lower Body,Squat pulse + hold,All Levels,minutes,"Stand with feet shoulder-width apart, lower your hips back and down, keeping your chest up and knees in line with your toes."
Lower Body,Squat pulse + hold — slow tempo,All Levels,minutes,"Stand with feet shoulder-width apart, lower your hips back and down, keeping your chest up and knees in line with your toes."
Lower Body,Squat pulse + hold — 3-1-3 tempo,All Levels,minutes,"Stand with feet shoulder-width apart, lower your hips back and down, keeping your chest up and knees in line with your toes."
Lower Body,Squat pulse + hold — pulse reps,All Levels,minutes,"Stand with feet shoulder-width apart, lower your hips back and down, keeping your chest up and knees in line with your toes."
Lower Body,Squat pulse + hold — with 2s pause,All Levels,minutes,"Stand with feet shoulder-width apart, lower your hips back and down, keeping your chest up and knees in line with your toes."
Lower Body,Squat pulse + hold — partial range,All Levels,minutes,"Stand with feet shoulder-width apart, lower your hips back and down, keeping your chest up and knees in line with your toes."
Lower Body,Squat pulse + hold — bottom-half range,All Levels,minutes,"Stand with feet shoulder-width apart, lower your hips back and down, keeping your chest up and knees in line with your toes."
Lower Body,Squat pulse + hold — top-half range,All Levels,minutes,"Stand with feet shoulder-width apart, lower your hips back and down, keeping your chest up and knees in line with your toes."
Lower Body,Squat pulse + hold — chair-assisted,All Levels,minutes,"Stand with feet shoulder-width apart, lower your hips back and down, keeping your chest up and knees in line with your toes."
Lower Body,Squat pulse + hold — wall-supported,All Levels,minutes,"Stand with feet shoulder-width apart, lower your hips back and down, keeping your chest up and knees in line with your toes."
Lower Body,Squat to calf raise,All Levels,Reps,"Stand with feet shoulder-width apart, lower your hips back and down, keeping your chest up and knees in line with your toes."
Lower Body,Squat to calf raise — slow tempo,All Levels,Reps,"Stand with feet shoulder-width apart, lower your hips back and down, keeping your chest up and knees in line with your toes."
Lower Body,Squat to calf raise — 3-1-3 tempo,All Levels,Reps,"Stand with feet shoulder-width apart, lower your hips back and down, keeping your chest up and knees in line with your toes."
Lower Body,Squat to calf raise — pulse reps,All Levels,Reps,"Stand with feet shoulder-width apart, lower your hips back and down, keeping your chest up and knees in line with your toes."
Lower Body,Squat to calf raise — with 2s pause,All Levels,Reps,"Stand with feet shoulder-width apart, lower your hips back and down, keeping your chest up and knees in line with your toes."
Lower Body,Squat to calf raise — partial range,All Levels,Reps,"Stand with feet shoulder-width apart, lower your hips back and down, keeping your chest up and knees in line with your toes."
Lower Body,Squat to calf raise — bottom-half range,All Levels,Reps,"Stand with feet shoulder-width apart, lower your hips back and down, keeping your chest up and knees in line with your toes."
Lower Body,Squat to calf raise — top-half range,All Levels,Reps,"Stand with feet shoulder-width apart, lower your hips back and down, keeping your chest up and knees in line with your toes."
Lower Body,Squat to calf raise — chair-assisted,All Levels,Reps,"Stand with feet shoulder-width apart, lower your hips back and down, keeping your chest up and knees in line with your toes."
Lower Body,Squat to calf raise — wall-supported,All Levels,Reps,"Stand with feet shoulder-width apart, lower your hips back and down, keeping your chest up and knees in line with your toes."
Lower Body,Calf raises,All Levels,Reps,"Stand tall and rise onto the balls of your feet, squeezing your calves at the top before slowly lowering down."
Lower Body,Calf raises — slow tempo,All Levels,Reps,"Stand tall and rise onto the balls of your feet, squeezing your calves at the top before slowly lowering down."
Lower Body,Calf raises — 3-1-3 tempo,All Levels,Reps,"Stand tall and rise onto the balls of your feet, squeezing your calves at the top before slowly lowering down."
Lower Body,Calf raises — pulse reps,All Levels,Reps,"Stand tall and rise onto the balls of your feet, squeezing your calves at the top before slowly lowering down."
Lower Body,Calf raises — with 2s pause,All Levels,Reps,"Stand tall and rise onto the balls of your feet, squeezing your calves at the top before slowly lowering down."
Lower Body,Calf raises — partial range,All Levels,Reps,"Stand tall and rise onto the balls of your feet, squeezing your calves at the top before slowly lowering down."
Lower Body,Calf raises — bottom-half range,All Levels,Reps,"Stand tall and rise onto the balls of your feet, squeezing your calves at the top before slowly lowering down."
Lower Body,Calf raises — top-half range,All Levels,Reps,"Stand tall and rise onto the balls of your feet, squeezing your calves at the top before slowly lowering down."
Lower Body,Calf raises — chair-assisted,All Levels,Reps,"Stand tall and rise onto the balls of your feet, squeezing your calves at the top before slowly lowering down."
Lower Body,Calf raises — wall-supported,All Levels,Reps,"Stand tall and rise onto the balls of your feet, squeezing your calves at the top before slowly lowering down."
Lower Body,Single-leg calf raises,All Levels,Reps,"Stand tall and rise onto the balls of your feet, squeezing your calves at the top before slowly lowering down."
Lower Body,Single-leg calf raises — slow tempo,All Levels,Reps,"Stand tall and rise onto the balls of your feet, squeezing your calves at the top before slowly lowering down."
Lower Body,Single-leg calf raises — 3-1-3 tempo,All Levels,Reps,"Stand tall and rise onto the balls of your feet, squeezing your calves at the top before slowly lowering down."
Lower Body,Single-leg calf raises — pulse reps,All Levels,Reps,"Stand tall and rise onto the balls of your feet, squeezing your calves at the top before slowly lowering down."
Lower Body,Single-leg calf raises — with 2s pause,All Levels,Reps,"Stand tall and rise onto the balls of your feet, squeezing your calves at the top before slowly lowering down."
Lower Body,Single-leg calf raises — partial range,All Levels,Reps,"Stand tall and rise onto the balls of your feet, squeezing your calves at the top before slowly lowering down."
Lower Body,Single-leg calf raises — bottom-half range,All Levels,Reps,"Stand tall and rise onto the balls of your feet, squeezing your calves at the top before slowly lowering down."
Lower Body,Single-leg calf raises — top-half range,All Levels,Reps,"Stand tall and rise onto the balls of your feet, squeezing your calves at the top before slowly lowering down."
Lower Body,Single-leg calf raises — chair-assisted,All Levels,Reps,"Stand tall and rise onto the balls of your feet, squeezing your calves at the top before slowly lowering down."
Lower Body,Single-leg calf raises — wall-supported,All Levels,Reps,"Stand tall and rise onto the balls of your feet, squeezing your calves at the top before slowly lowering down."
Lower Body,Elevated calf raises (step),All Levels,Reps,"Stand tall and rise onto the balls of your feet, squeezing your calves at the top before slowly lowering down."
Lower Body,Elevated calf raises (step) — slow tempo,All Levels,Reps,"Stand tall and rise onto the balls of your feet, squeezing your calves at the top before slowly lowering down."
Lower Body,Elevated calf raises (step) — 3-1-3 tempo,All Levels,Reps,"Stand tall and rise onto the balls of your feet, squeezing your calves at the top before slowly lowering down."
Lower Body,Elevated calf raises (step) — pulse reps,All Levels,Reps,"Stand tall and rise onto the balls of your feet, squeezing your calves at the top before slowly lowering down."
Lower Body,Elevated calf raises (step) — with 2s pause,All Levels,Reps,"Stand tall and rise onto the balls of your feet, squeezing your calves at the top before slowly lowering down."
Lower Body,Elevated calf raises (step) — partial range,All Levels,Reps,"Stand tall and rise onto the balls of your feet, squeezing your calves at the top before slowly lowering down."
Lower Body,Elevated calf raises (step) — bottom-half range,All Levels,Reps,"Stand tall and rise onto the balls of your feet, squeezing your calves at the top before slowly lowering down."
Lower Body,Elevated calf raises (step) — top-half range,All Levels,Reps,"Stand tall and rise onto the balls of your feet, squeezing your calves at the top before slowly lowering down."
Lower Body,Elevated calf raises (step) — chair-assisted,All Levels,Reps,"Stand tall and rise onto the balls of your feet, squeezing your calves at the top before slowly lowering down."
Lower Body,Elevated calf raises (step) — wall-supported,All Levels,Reps,"Stand tall and rise onto the balls of your feet, squeezing your calves at the top before slowly lowering down."
Lower Body,Forward lunges,All Levels,Reps,"Step forward and bend both knees to about 90 degrees, keeping your torso upright and front knee over your ankle."
Lower Body,Forward lunges — slow tempo,All Levels,Reps,"Step forward and bend both knees to about 90 degrees, keeping your torso upright and front knee over your ankle."
Lower Body,Forward lunges — 3-1-3 tempo,All Levels,Reps,"Step forward and bend both knees to about 90 degrees, keeping your torso upright and front knee over your ankle."
Lower Body,Forward lunges — pulse reps,All Levels,Reps,"Step forward and bend both knees to about 90 degrees, keeping your torso upright and front knee over your ankle."
Lower Body,Forward lunges — with 2s pause,All Levels,Reps,"Step forward and bend both knees to about 90 degrees, keeping your torso upright and front knee over your ankle."
Lower Body,Forward lunges — partial range,All Levels,Reps,"Step forward and bend both knees to about 90 degrees, keeping your torso upright and front knee over your ankle."
Lower Body,Forward lunges — bottom-half range,All Levels,Reps,"Step forward and bend both knees to about 90 degrees, keeping your torso upright and front knee over your ankle."
Lower Body,Forward lunges — top-half range,All Levels,Reps,"Step forward and bend both knees to about 90 degrees, keeping your torso upright and front knee over your ankle."
Lower Body,Forward lunges — chair-assisted,All Levels,Reps,"Step forward and bend both knees to about 90 degrees, keeping your torso upright and front knee over your ankle."
Lower Body,Forward lunges — wall-supported,All Levels,Reps,"Step forward and bend both knees to about 90 degrees, keeping your torso upright and front knee over your ankle."
Lower Body,Reverse lunges,All Levels,Reps,"Step forward and bend both knees to about 90 degrees, keeping your torso upright and front knee over your ankle."
Lower Body,Reverse lunges — slow tempo,All Levels,Reps,"Step forward and bend both knees to about 90 degrees, keeping your torso upright and front knee over your ankle."
Lower Body,Reverse lunges — 3-1-3 tempo,All Levels,Reps,"Step forward and bend both knees to about 90 degrees, keeping your torso upright and front knee over your ankle."
Lower Body,Reverse lunges — pulse reps,All Levels,Reps,"Step forward and bend both knees to about 90 degrees, keeping your torso upright and front knee over your ankle."
Lower Body,Reverse lunges — with 2s pause,All Levels,Reps,"Step forward and bend both knees to about 90 degrees, keeping your torso upright and front knee over your ankle."
Lower Body,Reverse lunges — partial range,All Levels,Reps,"Step forward and bend both knees to about 90 degrees, keeping your torso upright and front knee over your ankle."
Lower Body,Reverse lunges — bottom-half range,All Levels,Reps,"Step forward and bend both knees to about 90 degrees, keeping your torso upright and front knee over your ankle."
Lower Body,Reverse lunges — top-half range,All Levels,Reps,"Step forward and bend both knees to about 90 degrees, keeping your torso upright and front knee over your ankle."
Lower Body,Reverse lunges — chair-assisted,All Levels,Reps,"Step forward and bend both knees to about 90 degrees, keeping your torso upright and front knee over your ankle."
Lower Body,Reverse lunges — wall-supported,All Levels,Reps,"Step forward and bend both knees to about 90 degrees, keeping your torso upright and front knee over your ankle."
Lower Body,Alternating reverse lunges,All Levels,Reps,"Step forward and bend both knees to about 90 degrees, keeping your torso upright and front knee over your ankle."
Lower Body,Alternating reverse lunges — slow tempo,All Levels,Reps,"Step forward and bend both knees to about 90 degrees, keeping your torso upright and front knee over your ankle."
Lower Body,Alternating reverse lunges — 3-1-3 tempo,All Levels,Reps,"Step forward and bend both knees to about 90 degrees, keeping your torso upright and front knee over your ankle."
Lower Body,Alternating reverse lunges — pulse reps,All Levels,Reps,"Step forward and bend both knees to about 90 degrees, keeping your torso upright and front knee over your ankle."
Lower Body,Alternating reverse lunges — with 2s pause,All Levels,Reps,"Step forward and bend both knees to about 90 degrees, keeping your torso upright and front knee over your ankle."
Lower Body,Alternating reverse lunges — partial range,All Levels,Reps,"Step forward and bend both knees to about 90 degrees, keeping your torso upright and front knee over your ankle."
Lower Body,Alternating reverse lunges — bottom-half range,All Levels,Reps,"Step forward and bend both knees to about 90 degrees, keeping your torso upright and front knee over your ankle."
Lower Body,Alternating reverse lunges — top-half range,All Levels,Reps,"Step forward and bend both knees to about 90 degrees, keeping your torso upright and front knee over your ankle."
Lower Body,Alternating reverse lunges — chair-assisted,All Levels,Reps,"Step forward and bend both knees to about 90 degrees, keeping your torso upright and front knee over your ankle."
Lower Body,Alternating reverse lunges — wall-supported,All Levels,Reps,"Step forward and bend both knees to about 90 degrees, keeping your torso upright and front knee over your ankle."
Lower Body,Side lunges,All Levels,Reps,"Step forward and bend both knees to about 90 degrees, keeping your torso upright and front knee over your ankle."
Lower Body,Side lunges — slow tempo,All Levels,Reps,"Step forward and bend both knees to about 90 degrees, keeping your torso upright and front knee over your ankle."
Lower Body,Side lunges — 3-1-3 tempo,All Levels,Reps,"Step forward and bend both knees to about 90 degrees, keeping your torso upright and front knee over your ankle."
Lower Body,Side lunges — pulse reps,All Levels,Reps,"Step forward and bend both knees to about 90 degrees, keeping your torso upright and front knee over your ankle."
Lower Body,Side lunges — with 2s pause,All Levels,Reps,"Step forward and bend both knees to about 90 degrees, keeping your torso upright and front knee over your ankle."
Lower Body,Side lunges — partial range,All Levels,Reps,"Step forward and bend both knees to about 90 degrees, keeping your torso upright and front knee over your ankle."
Lower Body,Side lunges — bottom-half range,All Levels,Reps,"Step forward and bend both knees to about 90 degrees, keeping your torso upright and front knee over your ankle."
Lower Body,Side lunges — top-half range,All Levels,Reps,"Step forward and bend both knees to about 90 degrees, keeping your torso upright and front knee over your ankle."
Lower Body,Side lunges — chair-assisted,All Levels,Reps,"Step forward and bend both knees to about 90 degrees, keeping your torso upright and front knee over your ankle."
Lower Body,Side lunges — wall-supported,All Levels,Reps,"Step forward and bend both knees to about 90 degrees, keeping your torso upright and front knee over your ankle."
Lower Body,Curtsy lunges,All Levels,Reps,"Step forward and bend both knees to about 90 degrees, keeping your torso upright and front knee over your ankle."
Lower Body,Curtsy lunges — slow tempo,All Levels,Reps,"Step forward and bend both knees to about 90 degrees, keeping your torso upright and front knee over your ankle."
Lower Body,Curtsy lunges — 3-1-3 tempo,All Levels,Reps,"Step forward and bend both knees to about 90 degrees, keeping your torso upright and front knee over your ankle."
Lower Body,Curtsy lunges — pulse reps,All Levels,Reps,"Step forward and bend both knees to about 90 degrees, keeping your torso upright and front knee over your ankle."
Lower Body,Curtsy lunges — with 2s pause,All Levels,Reps,"Step forward and bend both knees to about 90 degrees, keeping your torso upright and front knee over your ankle."
Lower Body,Curtsy lunges — partial range,All Levels,Reps,"Step forward and bend both knees to about 90 degrees, keeping your torso upright and front knee over your ankle."
Lower Body,Curtsy lunges — bottom-half range,All Levels,Reps,"Step forward and bend both knees to about 90 degrees, keeping your torso upright and front knee over your ankle."
Lower Body,Curtsy lunges — top-half range,All Levels,Reps,"Step forward and bend both knees to about 90 degrees, keeping your torso upright and front knee over your ankle."
Lower Body,Curtsy lunges — chair-assisted,All Levels,Reps,"Step forward and bend both knees to about 90 degrees, keeping your torso upright and front knee over your ankle."
Lower Body,Curtsy lunges — wall-supported,All Levels,Reps,"Step forward and bend both knees to about 90 degrees, keeping your torso upright and front knee over your ankle."
Lower Body,Walking lunges,All Levels,minutes,"Step forward and bend both knees to about 90 degrees, keeping your torso upright and front knee over your ankle."
Lower Body,Walking lunges — slow tempo,All Levels,minutes,"Step forward and bend both knees to about 90 degrees, keeping your torso upright and front knee over your ankle."
Lower Body,Walking lunges — 3-1-3 tempo,All Levels,minutes,"Step forward and bend both knees to about 90 degrees, keeping your torso upright and front knee over your ankle."
Lower Body,Walking lunges — pulse reps,All Levels,minutes,"Step forward and bend both knees to about 90 degrees, keeping your torso upright and front knee over your ankle."
Lower Body,Walking lunges — with 2s pause,All Levels,minutes,"Step forward and bend both knees to about 90 degrees, keeping your torso upright and front knee over your ankle."
Lower Body,Walking lunges — partial range,All Levels,minutes,"Step forward and bend both knees to about 90 degrees, keeping your torso upright and front knee over your ankle."
Lower Body,Walking lunges — bottom-half range,All Levels,minutes,"Step forward and bend both knees to about 90 degrees, keeping your torso upright and front knee over your ankle."
Lower Body,Walking lunges — top-half range,All Levels,minutes,"Step forward and bend both knees to about 90 degrees, keeping your torso upright and front knee over your ankle."
Lower Body,Walking lunges — chair-assisted,All Levels,minutes,"Step forward and bend both knees to about 90 degrees, keeping your torso upright and front knee over your ankle."
Lower Body,Walking lunges — wall-supported,All Levels,minutes,"Step forward and bend both knees to about 90 degrees, keeping your torso upright and front knee over your ankle."
Lower Body,Split squats,All Levels,Reps,"Stand with feet shoulder-width apart, lower your hips back and down, keeping your chest up and knees in line with your toes."
Lower Body,Split squats — slow tempo,All Levels,Reps,"Stand with feet shoulder-width apart, lower your hips back and down, keeping your chest up and knees in line with your toes."
Lower Body,Split squats — 3-1-3 tempo,All Levels,Reps,"Stand with feet shoulder-width apart, lower your hips back and down, keeping your chest up and knees in line with your toes."
Lower Body,Split squats — pulse reps,All Levels,Reps,"Stand with feet shoulder-width apart, lower your hips back and down, keeping your chest up and knees in line with your toes."
Lower Body,Split squats — with 2s pause,All Levels,Reps,"Stand with feet shoulder-width apart, lower your hips back and down, keeping your chest up and knees in line with your toes."
Lower Body,Split squats — partial range,All Levels,Reps,"Stand with feet shoulder-width apart, lower your hips back and down, keeping your chest up and knees in line with your toes."
Lower Body,Split squats — bottom-half range,All Levels,Reps,"Stand with feet shoulder-width apart, lower your hips back and down, keeping your chest up and knees in line with your toes."
Lower Body,Split squats — top-half range,All Levels,Reps,"Stand with feet shoulder-width apart, lower your hips back and down, keeping your chest up and knees in line with your toes."
Lower Body,Split squats — chair-assisted,All Levels,Reps,"Stand with feet shoulder-width apart, lower your hips back and down, keeping your chest up and knees in line with your toes."
Lower Body,Split squats — wall-supported,All Levels,Reps,"Stand with feet shoulder-width apart, lower your hips back and down, keeping your chest up and knees in line with your toes."
Lower Body,Bulgarian split squats (low step),All Levels,Reps,"Stand with feet shoulder-width apart, lower your hips back and down, keeping your chest up and knees in line with your toes."
Lower Body,Bulgarian split squats (low step) — slow tempo,All Levels,Reps,"Stand with feet shoulder-width apart, lower your hips back and down, keeping your chest up and knees in line with your toes."
Lower Body,Bulgarian split squats (low step) — 3-1-3 tempo,All Levels,Reps,"Stand with feet shoulder-width apart, lower your hips back and down, keeping your chest up and knees in line with your toes."
Lower Body,Bulgarian split squats (low step) — pulse reps,All Levels,Reps,"Stand with feet shoulder-width apart, lower your hips back and down, keeping your chest up and knees in line with your toes."
Lower Body,Bulgarian split squats (low step) — with 2s pause,All Levels,Reps,"Stand with feet shoulder-width apart, lower your hips back and down, keeping your chest up and knees in line with your toes."
Lower Body,Bulgarian split squats (low step) — partial range,All Levels,Reps,"Stand with feet shoulder-width apart, lower your hips back and down, keeping your chest up and knees in line with your toes."
Lower Body,Bulgarian split squats (low step) — bottom-half range,All Levels,Reps,"Stand with feet shoulder-width apart, lower your hips back and down, keeping your chest up and knees in line with your toes."
Lower Body,Bulgarian split squats (low step) — top-half range,All Levels,Reps,"Stand with feet shoulder-width apart, lower your hips back and down, keeping your chest up and knees in line with your toes."
Lower Body,Bulgarian split squats (low step) — chair-assisted,All Levels,Reps,"Stand with feet shoulder-width apart, lower your hips back and down, keeping your chest up and knees in line with your toes."
Lower Body,Bulgarian split squats (low step) — wall-supported,All Levels,Reps,"Stand with feet shoulder-width apart, lower your hips back and down, keeping your chest up and knees in line with your toes."
Lower Body,Step-ups (low box),All Levels,Reps,"Step onto a stable surface with one foot, push through your heel to lift your body, and step down with control."
Lower Body,Step-ups (low box) — slow tempo,All Levels,Reps,"Step onto a stable surface with one foot, push through your heel to lift your body, and step down with control."
Lower Body,Step-ups (low box) — 3-1-3 tempo,All Levels,Reps,"Step onto a stable surface with one foot, push through your heel to lift your body, and step down with control."
Lower Body,Step-ups (low box) — pulse reps,All Levels,Reps,"Step onto a stable surface with one foot, push through your heel to lift your body, and step down with control."
Lower Body,Step-ups (low box) — with 2s pause,All Levels,Reps,"Step onto a stable surface with one foot, push through your heel to lift your body, and step down with control."
Lower Body,Step-ups (low box) — partial range,All Levels,Reps,"Step onto a stable surface with one foot, push through your heel to lift your body, and step down with control."
Lower Body,Step-ups (low box) — bottom-half range,All Levels,Reps,"Step onto a stable surface with one foot, push through your heel to lift your body, and step down with control."
Lower Body,Step-ups (low box) — top-half range,All Levels,Reps,"Step onto a stable surface with one foot, push through your heel to lift your body, and step down with control."
Lower Body,Step-ups (low box) — chair-assisted,All Levels,Reps,"Step onto a stable surface with one foot, push through your heel to lift your body, and step down with control."
Lower Body,Step-ups (low box) — wall-supported,All Levels,Reps,"Step onto a stable surface with one foot, push through your heel to lift your body, and step down with control."
Lower Body,Lateral step-ups,All Levels,Reps,"Step onto a stable surface with one foot, push through your heel to lift your body, and step down with control."
Lower Body,Lateral step-ups — slow tempo,All Levels,Reps,"Step onto a stable surface with one foot, push through your heel to lift your body, and step down with control."
Lower Body,Lateral step-ups — 3-1-3 tempo,All Levels,Reps,"Step onto a stable surface with one foot, push through your heel to lift your body, and step down with control."
Lower Body,Lateral step-ups — pulse reps,All Levels,Reps,"Step onto a stable surface with one foot, push through your heel to lift your body, and step down with control."
Lower Body,Lateral step-ups — with 2s pause,All Levels,Reps,"Step onto a stable surface with one foot, push through your heel to lift your body, and step down with control."
Lower Body,Lateral step-ups — partial range,All Levels,Reps,"Step onto a stable surface with one foot, push through your heel to lift your body, and step down with control."
Lower Body,Lateral step-ups — bottom-half range,All Levels,Reps,"Step onto a stable surface with one foot, push through your heel to lift your body, and step down with control."
Lower Body,Lateral step-ups — top-half range,All Levels,Reps,"Step onto a stable surface with one foot, push through your heel to lift your body, and step down with control."
Lower Body,Lateral step-ups — chair-assisted,All Levels,Reps,"Step onto a stable surface with one foot, push through your heel to lift your body, and step down with control."
Lower Body,Lateral step-ups — wall-supported,All Levels,Reps,"Step onto a stable surface with one foot, push through your heel to lift your body, and step down with control."
Lower Body,Glute bridges,All Levels,Reps,"Lie on your back with knees bent, lift your hips by squeezing your glutes, and keep your core tight throughout."
Lower Body,Glute bridges — slow tempo,All Levels,Reps,"Lie on your back with knees bent, lift your hips by squeezing your glutes, and keep your core tight throughout."
Lower Body,Glute bridges — 3-1-3 tempo,All Levels,Reps,"Lie on your back with knees bent, lift your hips by squeezing your glutes, and keep your core tight throughout."
Lower Body,Glute bridges — pulse reps,All Levels,Reps,"Lie on your back with knees bent, lift your hips by squeezing your glutes, and keep your core tight throughout."
Lower Body,Glute bridges — with 2s pause,All Levels,Reps,"Lie on your back with knees bent, lift your hips by squeezing your glutes, and keep your core tight throughout."
Lower Body,Glute bridges — partial range,All Levels,Reps,"Lie on your back with knees bent, lift your hips by squeezing your glutes, and keep your core tight throughout."
Lower Body,Glute bridges — bottom-half range,All Levels,Reps,"Lie on your back with knees bent, lift your hips by squeezing your glutes, and keep your core tight throughout."
Lower Body,Glute bridges — top-half range,All Levels,Reps,"Lie on your back with knees bent, lift your hips by squeezing your glutes, and keep your core tight throughout."
Lower Body,Glute bridges — chair-assisted,All Levels,Reps,"Lie on your back with knees bent, lift your hips by squeezing your glutes, and keep your core tight throughout."
Lower Body,Glute bridges — wall-supported,All Levels,Reps,"Lie on your back with knees bent, lift your hips by squeezing your glutes, and keep your core tight throughout."
Lower Body,Single-leg glute bridges,All Levels,Reps,"Lie on your back with knees bent, lift your hips by squeezing your glutes, and keep your core tight throughout."
Lower Body,Single-leg glute bridges — slow tempo,All Levels,Reps,"Lie on your back with knees bent, lift your hips by squeezing your glutes, and keep your core tight throughout."
Lower Body,Single-leg glute bridges — 3-1-3 tempo,All Levels,Reps,"Lie on your back with knees bent, lift your hips by squeezing your glutes, and keep your core tight throughout."
Lower Body,Single-leg glute bridges — pulse reps,All Levels,Reps,"Lie on your back with knees bent, lift your hips by squeezing your glutes, and keep your core tight throughout."
Lower Body,Single-leg glute bridges — with 2s pause,All Levels,Reps,"Lie on your back with knees bent, lift your hips by squeezing your glutes, and keep your core tight throughout."
Lower Body,Single-leg glute bridges — partial range,All Levels,Reps,"Lie on your back with knees bent, lift your hips by squeezing your glutes, and keep your core tight throughout."
Lower Body,Single-leg glute bridges — bottom-half range,All Levels,Reps,"Lie on your back with knees bent, lift your hips by squeezing your glutes, and keep your core tight throughout."
Lower Body,Single-leg glute bridges — top-half range,All Levels,Reps,"Lie on your back with knees bent, lift your hips by squeezing your glutes, and keep your core tight throughout."
Lower Body,Single-leg glute bridges — chair-assisted,All Levels,Reps,"Lie on your back with knees bent, lift your hips by squeezing your glutes, and keep your core tight throughout."
Lower Body,Single-leg glute bridges — wall-supported,All Levels,Reps,"Lie on your back with knees bent, lift your hips by squeezing your glutes, and keep your core tight throughout."
Lower Body,Frog pumps,All Levels,Reps,"Keep your core tight, move through your hips and knees with control, and maintain even pressure through your feet."
Lower Body,Frog pumps — slow tempo,All Levels,Reps,"Keep your core tight, move through your hips and knees with control, and maintain even pressure through your feet."
Lower Body,Frog pumps — 3-1-3 tempo,All Levels,Reps,"Keep your core tight, move through your hips and knees with control, and maintain even pressure through your feet."
Lower Body,Frog pumps — pulse reps,All Levels,Reps,"Perform small, controlled movements in a limited range to keep constant tension on the target muscles."
Lower Body,Frog pumps — with 2s pause,All Levels,Reps,"Keep your core tight, move through your hips and knees with control, and maintain even pressure through your feet."
Lower Body,Frog pumps — partial range,All Levels,Reps,"Keep your core tight, move through your hips and knees with control, and maintain even pressure through your feet."
Lower Body,Frog pumps — bottom-half range,All Levels,Reps,"Keep your core tight, move through your hips and knees with control, and maintain even pressure through your feet."
Lower Body,Frog pumps — top-half range,All Levels,Reps,"Keep your core tight, move through your hips and knees with control, and maintain even pressure through your feet."
Lower Body,Frog pumps — chair-assisted,All Levels,Reps,"Keep your core tight, move through your hips and knees with control, and maintain even pressure through your feet."
Lower Body,Frog pumps — wall-supported,All Levels,Reps,"Keep your core tight, move through your hips and knees with control, and maintain even pressure through your feet."
Lower Body,Hip thrusts (floor),All Levels,Reps,"Lie on your back with knees bent, lift your hips by squeezing your glutes, and keep your core tight throughout."
Lower Body,Hip thrusts (floor) — slow tempo,All Levels,Reps,"Lie on your back with knees bent, lift your hips by squeezing your glutes, and keep your core tight throughout."
Lower Body,Hip thrusts (floor) — 3-1-3 tempo,All Levels,Reps,"Lie on your back with knees bent, lift your hips by squeezing your glutes, and keep your core tight throughout."
Lower Body,Hip thrusts (floor) — pulse reps,All Levels,Reps,"Lie on your back with knees bent, lift your hips by squeezing your glutes, and keep your core tight throughout."
Lower Body,Hip thrusts (floor) — with 2s pause,All Levels,Reps,"Lie on your back with knees bent, lift your hips by squeezing your glutes, and keep your core tight throughout."
Lower Body,Hip thrusts (floor) — partial range,All Levels,Reps,"Lie on your back with knees bent, lift your hips by squeezing your glutes, and keep your core tight throughout."
Lower Body,Hip thrusts (floor) — bottom-half range,All Levels,Reps,"Lie on your back with knees bent, lift your hips by squeezing your glutes, and keep your core tight throughout."
Lower Body,Hip thrusts (floor) — top-half range,All Levels,Reps,"Lie on your back with knees bent, lift your hips by squeezing your glutes, and keep your core tight throughout."
Lower Body,Hip thrusts (floor) — chair-assisted,All Levels,Reps,"Lie on your back with knees bent, lift your hips by squeezing your glutes, and keep your core tight throughout."
Lower Body,Hip thrusts (floor) — wall-supported,All Levels,Reps,"Lie on your back with knees bent, lift your hips by squeezing your glutes, and keep your core tight throughout."
Lower Body,Donkey kicks,All Levels,Reps,"Start on hands and knees, lift one leg upward while keeping your core steady and avoid arching your back."
Lower Body,Donkey kicks — slow tempo,All Levels,Reps,"Start on hands and knees, lift one leg upward while keeping your core steady and avoid arching your back."
Lower Body,Donkey kicks — 3-1-3 tempo,All Levels,Reps,"Start on hands and knees, lift one leg upward while keeping your core steady and avoid arching your back."
Lower Body,Donkey kicks — pulse reps,All Levels,Reps,"Start on hands and knees, lift one leg upward while keeping your core steady and avoid arching your back."
Lower Body,Donkey kicks — with 2s pause,All Levels,Reps,"Start on hands and knees, lift one leg upward while keeping your core steady and avoid arching your back."
Lower Body,Donkey kicks — partial range,All Levels,Reps,"Start on hands and knees, lift one leg upward while keeping your core steady and avoid arching your back."
Lower Body,Donkey kicks — bottom-half range,All Levels,Reps,"Start on hands and knees, lift one leg upward while keeping your core steady and avoid arching your back."
Lower Body,Donkey kicks — top-half range,All Levels,Reps,"Start on hands and knees, lift one leg upward while keeping your core steady and avoid arching your back."
Lower Body,Donkey kicks — chair-assisted,All Levels,Reps,"Start on hands and knees, lift one leg upward while keeping your core steady and avoid arching your back."
Lower Body,Donkey kicks — wall-supported,All Levels,Reps,"Start on hands and knees, lift one leg upward while keeping your core steady and avoid arching your back."
Lower Body,Fire hydrants,All Levels,Reps,"From all fours, lift one knee out to the side without rotating your hips, keeping your core engaged."
Lower Body,Fire hydrants — slow tempo,All Levels,Reps,"From all fours, lift one knee out to the side without rotating your hips, keeping your core engaged."
Lower Body,Fire hydrants — 3-1-3 tempo,All Levels,Reps,"From all fours, lift one knee out to the side without rotating your hips, keeping your core engaged."
Lower Body,Fire hydrants — pulse reps,All Levels,Reps,"From all fours, lift one knee out to the side without rotating your hips, keeping your core engaged."
Lower Body,Fire hydrants — with 2s pause,All Levels,Reps,"From all fours, lift one knee out to the side without rotating your hips, keeping your core engaged."
Lower Body,Fire hydrants — partial range,All Levels,Reps,"From all fours, lift one knee out to the side without rotating your hips, keeping your core engaged."
Lower Body,Fire hydrants — bottom-half range,All Levels,Reps,"From all fours, lift one knee out to the side without rotating your hips, keeping your core engaged."
Lower Body,Fire hydrants — top-half range,All Levels,Reps,"From all fours, lift one knee out to the side without rotating your hips, keeping your core engaged."
Lower Body,Fire hydrants — chair-assisted,All Levels,Reps,"From all fours, lift one knee out to the side without rotating your hips, keeping your core engaged."
Lower Body,Fire hydrants — wall-supported,All Levels,Reps,"From all fours, lift one knee out to the side without rotating your hips, keeping your core engaged."
Lower Body,Standing hamstring curls,All Levels,Reps,"Stand or lie face down, bend your knees to bring your heels toward your glutes, and control the motion both ways."
Lower Body,Standing hamstring curls — slow tempo,All Levels,Reps,"Stand or lie face down, bend your knees to bring your heels toward your glutes, and control the motion both ways."
Lower Body,Standing hamstring curls — 3-1-3 tempo,All Levels,Reps,"Stand or lie face down, bend your knees to bring your heels toward your glutes, and control the motion both ways."
Lower Body,Standing hamstring curls — pulse reps,All Levels,Reps,"Stand or lie face down, bend your knees to bring your heels toward your glutes, and control the motion both ways."
Lower Body,Standing hamstring curls — with 2s pause,All Levels,Reps,"Stand or lie face down, bend your knees to bring your heels toward your glutes, and control the motion both ways."
Lower Body,Standing hamstring curls — partial range,All Levels,Reps,"Stand or lie face down, bend your knees to bring your heels toward your glutes, and control the motion both ways."
Lower Body,Standing hamstring curls — bottom-half range,All Levels,Reps,"Stand or lie face down, bend your knees to bring your heels toward your glutes, and control the motion both ways."
Lower Body,Standing hamstring curls — top-half range,All Levels,Reps,"Stand or lie face down, bend your knees to bring your heels toward your glutes, and control the motion both ways."
Lower Body,Standing hamstring curls — chair-assisted,All Levels,Reps,"Stand or lie face down, bend your knees to bring your heels toward your glutes, and control the motion both ways."
Lower Body,Standing hamstring curls — wall-supported,All Levels,Reps,"Stand or lie face down, bend your knees to bring your heels toward your glutes, and control the motion both ways."
Lower Body,Good mornings (hip hinge),All Levels,Reps,"Keep your core tight, move through your hips and knees with control, and maintain even pressure through your feet."
Lower Body,Good mornings (hip hinge) — slow tempo,All Levels,Reps,"Keep your core tight, move through your hips and knees with control, and maintain even pressure through your feet."
Lower Body,Good mornings (hip hinge) — 3-1-3 tempo,All Levels,Reps,"Keep your core tight, move through your hips and knees with control, and maintain even pressure through your feet."
Lower Body,Good mornings (hip hinge) — pulse reps,All Levels,Reps,"Perform small, controlled movements in a limited range to keep constant tension on the target muscles."
Lower Body,Good mornings (hip hinge) — with 2s pause,All Levels,Reps,"Keep your core tight, move through your hips and knees with control, and maintain even pressure through your feet."
Lower Body,Good mornings (hip hinge) — partial range,All Levels,Reps,"Keep your core tight, move through your hips and knees with control, and maintain even pressure through your feet."
Lower Body,Good mornings (hip hinge) — bottom-half range,All Levels,Reps,"Keep your core tight, move through your hips and knees with control, and maintain even pressure through your feet."
Lower Body,Good mornings (hip hinge) — top-half range,All Levels,Reps,"Keep your core tight, move through your hips and knees with control, and maintain even pressure through your feet."
Lower Body,Good mornings (hip hinge) — chair-assisted,All Levels,Reps,"Keep your core tight, move through your hips and knees with control, and maintain even pressure through your feet."
Lower Body,Good mornings (hip hinge) — wall-supported,All Levels,Reps,"Keep your core tight, move through your hips and knees with control, and maintain even pressure through your feet."
Lower Body,Standing leg raises (front),All Levels,Reps,"Keep your core tight, move through your hips and knees with control, and maintain even pressure through your feet."
Lower Body,Standing leg raises (front) — slow tempo,All Levels,Reps,"Keep your core tight, move through your hips and knees with control, and maintain even pressure through your feet."
Lower Body,Standing leg raises (front) — 3-1-3 tempo,All Levels,Reps,"Keep your core tight, move through your hips and knees with control, and maintain even pressure through your feet."
Lower Body,Standing leg raises (front) — pulse reps,All Levels,Reps,"Perform small, controlled movements in a limited range to keep constant tension on the target muscles."
Lower Body,Standing leg raises (front) — with 2s pause,All Levels,Reps,"Keep your core tight, move through your hips and knees with control, and maintain even pressure through your feet."
Lower Body,Standing leg raises (front) — partial range,All Levels,Reps,"Keep your core tight, move through your hips and knees with control, and maintain even pressure through your feet."
Lower Body,Standing leg raises (front) — bottom-half range,All Levels,Reps,"Keep your core tight, move through your hips and knees with control, and maintain even pressure through your feet."
Lower Body,Standing leg raises (front) — top-half range,All Levels,Reps,"Keep your core tight, move through your hips and knees with control, and maintain even pressure through your feet."
Lower Body,Standing leg raises (front) — chair-assisted,All Levels,Reps,"Keep your core tight, move through your hips and knees with control, and maintain even pressure through your feet."
Lower Body,Standing leg raises (front) — wall-supported,All Levels,Reps,"Keep your core tight, move through your hips and knees with control, and maintain even pressure through your feet."
Lower Body,Standing leg raises (side),All Levels,Reps,"Keep your core tight, move through your hips and knees with control, and maintain even pressure through your feet."
Lower Body,Standing leg raises (side) — slow tempo,All Levels,Reps,"Keep your core tight, move through your hips and knees with control, and maintain even pressure through your feet."
Lower Body,Standing leg raises (side) — 3-1-3 tempo,All Levels,Reps,"Keep your core tight, move through your hips and knees with control, and maintain even pressure through your feet."
Lower Body,Standing leg raises (side) — pulse reps,All Levels,Reps,"Perform small, controlled movements in a limited range to keep constant tension on the target muscles."
Lower Body,Standing leg raises (side) — with 2s pause,All Levels,Reps,"Keep your core tight, move through your hips and knees with control, and maintain even pressure through your feet."
Lower Body,Standing leg raises (side) — partial range,All Levels,Reps,"Keep your core tight, move through your hips and knees with control, and maintain even pressure through your feet."
Lower Body,Standing leg raises (side) — bottom-half range,All Levels,Reps,"Keep your core tight, move through your hips and knees with control, and maintain even pressure through your feet."
Lower Body,Standing leg raises (side) — top-half range,All Levels,Reps,"Keep your core tight, move through your hips and knees with control, and maintain even pressure through your feet."
Lower Body,Standing leg raises (side) — chair-assisted,All Levels,Reps,"Keep your core tight, move through your hips and knees with control, and maintain even pressure through your feet."
Lower Body,Standing leg raises (side) — wall-supported,All Levels,Reps,"Keep your core tight, move through your hips and knees with control, and maintain even pressure through your feet."
